{
  "r2": 0.019939184188842773,
  "mae": 0.24385425448417664,
  "spearman": 0.1361677594056939,
  "roc_auc": 0.6295751882170416,
  "pr_auc": 0.15198794607690047
}